phase_name,mean_score_delta,se_score_delta
1_before,7.408333333333334,4.859148016313605
2_perturbed,8.036111111111111,1.9397482972772842
3_after,9.658333333333333,2.8231680392385043
